hpid,facility_name,address,tel,longitude,latitude,level_code,level_name_kr,level_name_en,sido_code,sido_name
A1100011,가톨릭대학교여의도성모병원,"서울특별시 영등포구 63로 10, 여의도성모병원 (여의도동)",02-1661-7575,126.93673129599131,37.51827233800711,G006,지역응급의료센터,Local_EMC,11,서울특별시
A1121013,가톨릭대학교은평성모병원,서울특별시 은평구 통일로 1021 (진관동),02-1811-7755,126.91615048739686,37.633608409726854,G006,지역응급의료센터,Local_EMC,11,서울특별시
A1100047,강남고려병원,서울특별시 관악구 관악로 242 (봉천동),1661-8267,126.956781703053,37.4856188363947,G009,응급실운영신고기관,Unknown,11,서울특별시
A1100141,강남베드로병원,"서울특별시 강남구 남부순환로 2649, 베드로병원 (도곡동)",1544-7522,127.0395873429168,37.485612179925724,G009,응급실운영신고기관,Unknown,11,서울특별시
A1100076,강남힐병원,"서울특별시 관악구 남부순환로 1449, 강남힐병원 (신림동)",02-853-4600,126.911648078471,37.4816513439454,G009,응급실운영신고기관,Unknown,11,서울특별시
A1100043,강동경희대학교병원,서울특별시 강동구 동남로 892 (상일동),02-440-7114,127.157084787845,37.5520459324005,G001,권역응급의료센터,Regional_EMC,11,서울특별시
A1100006,강북삼성병원,서울특별시 종로구 새문안로 29 (평동),02-2001-2001,126.96793805451702,37.568497631233825,G006,지역응급의료센터,Local_EMC,11,서울특별시
A1121842,강북으뜸병원,"서울특별시 강북구 도봉로 187, 지하1층, 지상1층~지상5층 (미아동)",02-986-0334,127.026184524499,37.6254205559935,G009,응급실운영신고기관,Unknown,11,서울특별시
A1117285,강서케이병원,"서울특별시 강서구 가로공원로 187, 강서케이병원 (화곡동)",02-1833-7530,126.836699017573,37.5373576230977,G009,응급실운영신고기관,Unknown,11,서울특별시
A1125429,강철병원,"서울특별시 송파구 백제고분로 252, SH타워 2~8층 (삼전동)",02-6287-5500,127.09429683872202,37.50234558341771,G009,응급실운영신고기관,Unknown,11,서울특별시
A1100002,건국대학교병원,서울특별시 광진구 능동로 120-1 (화양동),1588-1533,127.0721229093036,37.54084479467721,G006,지역응급의료센터,Local_EMC,11,서울특별시
A1100039,경찰병원,"서울특별시 송파구 송이로 123, 국립경찰병원 (가락동)",02-3400-1114,127.12348793503201,37.496413213560785,G007,지역응급의료기관,Local_EMI,11,서울특별시
A1100001,경희대학교병원,서울특별시 동대문구 경희대로 23 (회기동),02-958-8114,127.05183223390303,37.5938765502235,G006,지역응급의료센터,Local_EMC,11,서울특별시
A1100014,고려대학교의과대학부속구로병원,"서울특별시 구로구 구로동로 148, 고려대부속구로병원 (구로동)",02-2626-1114,126.8847449363546,37.49211114525054,G001,권역응급의료센터,Regional_EMC,11,서울특별시
A1100026,구로성심병원,"서울특별시 구로구 경인로 427, 구로성심병원 (고척동)",02-2067-1500,126.86636039556485,37.49964578669388,G007,지역응급의료기관,Local_EMI,11,서울특별시
A1100052,국립중앙의료원,"서울특별시 중구 을지로 245, 국립중앙의료원 (을지로6가)",02-2260-7114,127.00579539705472,37.56733955813183,G006,지역응급의료센터,Local_EMC,11,서울특별시
A1122033,기쁨병원,"서울특별시 서초구 서초중앙로 4, 기쁨병원 (서초동)",02-570-1234,127.018063486739,37.482713030212,G007,지역응급의료기관,Local_EMI,11,서울특별시
A1126226,낭만병원,서울특별시 동작구 동작대로 67 (사당동),02-523-1119,126.981480681968,37.4825469938281,G009,응급실운영신고기관,Unknown,11,서울특별시
A1100048,노원을지대학교병원,"서울특별시 노원구 한글비석로 68, 을지병원 (하계동)",02-970-8000,127.07000281991385,37.636442927386746,G006,지역응급의료센터,Local_EMC,11,서울특별시
A1100044,녹색병원,서울특별시 중랑구 사가정로49길 53 (면목동),02-490-2000,127.08605546969357,37.58362083896108,G007,지역응급의료기관,Local_EMI,11,서울특별시
A1100037,대림성모병원,"서울특별시 영등포구 시흥대로 657 (대림동, 대림성모병원)",02-829-9000,126.90716948025135,37.49068925436284,G007,지역응급의료기관,Local_EMI,11,서울특별시
A1123234,더드림병원,"서울특별시 강남구 선릉로 404, 더드림병원 (대치동)",02-1661-1177,127.050967336445,37.5009902618151,G009,응급실운영신고기관,Unknown,11,서울특별시
A1100024,명지성모병원,"서울특별시 영등포구 도림로 156, 명지성모병원 (대림동)",02-1899-1475,126.89925446922592,37.4938507104387,G007,지역응급의료기관,Local_EMI,11,서울특별시
A1100046,미즈메디병원,서울특별시 강서구 강서로 295 (내발산동),15882701,126.83602535156236,37.55225379358291,G009,응급실운영신고기관,Unknown,11,서울특별시
A1100036,부민병원,"서울특별시 강서구 공항대로 389, 부민병원 (등촌동)",1577-7582,126.85094950539181,37.556940892893586,G007,지역응급의료기관,Local_EMI,11,서울특별시
A1100148,사랑의병원,"서울특별시 관악구 남부순환로 1860, -1,1,3,4,5층 (봉천동,  )",02-880-0114,126.956285774259,37.4796247835746,G009,응급실운영신고기관,Unknown,11,서울특별시
A1100010,삼성서울병원,"서울특별시 강남구 일원로 81 (일원동, 삼성의료원)",02-3410-2114,127.08668245340024,37.48851613490445,G006,지역응급의료센터,Local_EMC,11,서울특별시
A1100021,삼육서울병원,서울특별시 동대문구 망우로 82 (휘경동),02-2244-0191,127.0653288266823,37.587992001305395,G006,지역응급의료센터,Local_EMC,11,서울특별시
A1100017,서울대학교병원,서울특별시 종로구 대학로 101 (연건동),02-1588-5700,126.99896308412191,37.57966608924356,G001,권역응급의료센터,Regional_EMC,11,서울특별시
A1107402,서울대학교치과병원,서울특별시 종로구 대학로 101 (연건동),1522-2700,126.997196437908,37.5804523853297,G009,응급실운영신고기관,Unknown,11,서울특별시
A1100050,서울성심병원,"서울특별시 동대문구 왕산로 259, 서울성심병원 (청량리동)",02-966-1616,127.04983805981972,37.58419129209865,G007,지역응급의료기관,Local_EMI,11,서울특별시
A1100029,서울적십자병원,"서울특별시 종로구 새문안로 9, 적십자병원 (평동)",02-2002-8000,126.96699861289684,37.56715536263689,G007,지역응급의료기관,Local_EMI,11,서울특별시
A1100022,서울특별시동부병원,서울특별시 동대문구 무학로 124 (용두동),02-920-9114,127.03140257525507,37.57539886464885,G007,지역응급의료기관,Local_EMI,11,서울특별시
A1100040,서울특별시보라매병원,서울특별시 동작구 보라매로5길 20 (신대방동),02-870-2114,126.92404876254014,37.4937184009319,G006,지역응급의료센터,Local_EMC,11,서울특별시
A1100223,서울특별시서남병원,서울특별시 양천구 신정이펜1로 20 (신정동),1566-6688,126.8331299304024,37.51201935883779,G007,지역응급의료기관,Local_EMI,11,서울특별시
A1100035,서울특별시서울의료원,서울특별시 중랑구 신내로 156 (신내동),02-2276-7000,127.0980910949257,37.61286931510163,G001,권역응급의료센터,Regional_EMC,11,서울특별시
A1100172,서울현대병원,"서울특별시 강북구 도봉로 374 (번동, 서울현대병원)",02-1588-6853,127.028504374531,37.6402559204261,G009,응급실운영신고기관,Unknown,11,서울특별시
A1100028,성심의료재단강동성심병원,서울특별시 강동구 성안로 150 (길동),02-2224-2114,127.13526354631517,37.53598408220376,G006,지역응급의료센터,Local_EMC,11,서울특별시
A1100054,성애의료재단성애병원,"서울특별시 영등포구 여의대방로53길 22 (신길동, 성애병원)",02-840-7114,126.92236733617031,37.51205044957338,G006,지역응급의료센터,Local_EMC,11,서울특별시
A1100032,세란병원,서울특별시 종로구 통일로 256 (무악동),02-737-0181,126.9577071892358,37.57534016994642,G007,지역응급의료기관,Local_EMI,11,서울특별시
A1100004,순천향대학교부속서울병원,서울특별시 용산구 대사관로 59 (한남동),02-709-9114,127.00441798640304,37.53384172231443,G006,지역응급의료센터,Local_EMC,11,서울특별시
A1100063,신촌연세병원,"서울특별시 마포구 서강로 110, 지2층~6층 (신수동)",02-337-7582,126.933734666413,37.5525892651719,G009,응급실운영신고기관,Unknown,11,서울특별시
A1100045,씨엠병원,"서울특별시 영등포구 영등포로36길 13 (영등포동4가, 충무병원)",02-2678-0001,126.90367981067837,37.518848328762154,G007,지역응급의료기관,Local_EMI,11,서울특별시
A1100015,연세대학교의과대학강남세브란스병원,"서울특별시 강남구 언주로 211, 강남세브란스병원 (도곡동)",02-2019-3114,127.04631254186797,37.492806984645476,G006,지역응급의료센터,Local_EMC,11,서울특별시
A1100007,연세대학교의과대학세브란스병원,서울특별시 서대문구 연세로 50-1 (신촌동),02-2228-0114,126.94082769649863,37.56211711412639,G006,지역응급의료센터,Local_EMC,11,서울특별시
A1120432,올바로병원,"서울특별시 서초구 명달로 102, 서원빌딩 1-6층 (서초동)",02-587-8875,127.004386280268,37.4862288033541,G009,응급실운영신고기관,Unknown,11,서울특별시
A1100042,우리들병원,서울특별시 강서구 하늘길 70 (과해동),02-2660-7500,126.7963653099318,37.56199597494205,G009,응급실운영신고기관,Unknown,11,서울특별시
A1100152,은평연세병원,서울특별시 은평구 연서로 177 (갈현동),02-388-8114,126.917472218592,37.6146922208583,G009,응급실운영신고기관,Unknown,11,서울특별시
A1100025,의료법인동신의료재단동신병원,"서울특별시 서대문구 연희로 272, 동신병원 본관동 (홍은동)",02-396-9161,126.93658306608872,37.58110428173239,G007,지역응급의료기관,Local_EMI,11,서울특별시
A1100041,의료법인서울효천의료재단에이치플러스양지병원,"서울특별시 관악구 남부순환로 1636, 양지병원 (신림동)",02-1877-8875,126.93253922577287,37.48427507045319,G006,지역응급의료센터,Local_EMC,11,서울특별시
A1100030,의료법인성화의료재단대한병원,"서울특별시 강북구 도봉로 301 (수유동, 대한병원)",02-903-3232,127.02267251878474,37.63547043209498,G009,응급실운영신고기관,Unknown,11,서울특별시
A1100255,의료법인인봉의료재단영등포병원,서울특별시 영등포구 당산로31길 10 (당산동3가),02-2635-2809,126.89561402986,37.526858089517,G009,응급실운영신고기관,Unknown,11,서울특별시
A1100023,의료법인청구성심병원,서울특별시 은평구 통일로 873 (갈현동),02-350-3300,126.91955399169245,37.62079154435882,G007,지역응급의료기관,Local_EMI,11,서울특별시
A1100075,의료법인풍산의료재단동부제일병원,"서울특별시 중랑구 망우로 511, 동부제일병원 지하1~6층 (망우동)",02-437-5011,127.1090292210168,37.60067564592665,G007,지역응급의료기관,Local_EMI,11,서울특별시
A1100020,의료법인한전의료재단한일병원,"서울특별시 도봉구 우이천로 308, 한일병원 (쌍문동)",02-901-3114,127.02902417950423,37.64611570419094,G006,지역응급의료센터,Local_EMC,11,서울특별시
A1100005,이화여자대학교의과대학부속목동병원,서울특별시 양천구 안양천로 1071 (목동),02-2650-5114,126.8862159683056,37.53654282637804,G001,권역응급의료센터,Regional_EMC,11,서울특별시
A1120796,이화여자대학교의과대학부속서울병원,"서울특별시 강서구 공항대로 260, 이화의대부속서울병원 (마곡동)",1522-7000,126.8362659275,37.557261149,G006,지역응급의료센터,Local_EMC,11,서울특별시
A1100016,인제대학교상계백병원,"서울특별시 노원구 동일로 1342, 상계백병원 (상계동)",02-950-1114,127.06311619032102,37.6485812672986,G006,지역응급의료센터,Local_EMC,11,서울특별시
A1122381,재단법인베스티안재단베스티안서울병원,서울특별시 성동구 왕십리로 382 (하왕십리동),02-3452-7575,127.028019796271,37.5651102845783,G009,응급실운영신고기관,Unknown,11,서울특별시
A1100009,재단법인아산사회복지재단서울아산병원,"서울특별시 송파구 올림픽로43길 88, 서울아산병원 (풍납동)",02-3010-3114,127.10823825113607,37.526563966361216,G006,지역응급의료센터,Local_EMC,11,서울특별시
A1100003,중앙대학교병원,서울특별시 동작구 흑석로 102 (흑석동),1800-1114,126.96079378447554,37.50707428493414,G006,지역응급의료센터,Local_EMC,11,서울특별시
A1100057,차의과학대학교강남차병원,"서울특별시 강남구 논현로 566, 강남차병원(역삼동650-9, 606-4, 605외2필지(지하7층~지하1층, 지상2층~7층)) (역삼동)",02-3468-3000,127.03466865188072,37.506800025850865,G009,응급실운영신고기관,Unknown,11,서울특별시
A1117070,최원호병원,"서울특별시 은평구 서오릉로 45, 최원호병원 (녹번동)",02-1588-3797,126.923855760856,37.604769594378,G009,응급실운영신고기관,Unknown,11,서울특별시
A1100012,학교법인가톨릭학원가톨릭대학교서울성모병원,서울특별시 서초구 반포대로 222 (반포동),0215881511,127.00472725970137,37.501800804785276,G006,지역응급의료센터,Local_EMC,11,서울특별시
A1100008,학교법인고려중앙학원고려대학교의과대학부속병원(안암병원),"서울특별시 성북구 고려대로 73, 고려대병원 (안암동5가)",1577-0083,127.02647086385966,37.58715608002366,G001,권역응급의료센터,Regional_EMC,11,서울특별시
A1100163,한강수병원,"서울특별시 영등포구 영등포로 83, 한강수병원 (양평동1가)",02-1800-7119,126.890913736375,37.5224047841717,G009,응급실운영신고기관,Unknown,11,서울특별시
A1100053,한국보훈복지의료공단중앙보훈병원,서울특별시 강동구 진황도로61길 53 (둔촌동),02-2225-1111,127.14671886173552,37.528220900896635,G006,지역응급의료센터,Local_EMC,11,서울특별시
A1100027,한국원자력의학원원자력병원,"서울특별시 노원구 노원로 75, 한국원자력의학원 (공릉동)",02-970-2114,127.08269315796588,37.628815981330355,G007,지역응급의료기관,Local_EMI,11,서울특별시
A1100055,한림대학교강남성심병원,"서울특별시 영등포구 신길로 1 (대림동, 강남성심병원)",02-829-5114,126.9086725295,37.4932492859,G006,지역응급의료센터,Local_EMC,11,서울특별시
A1100038,한림대학교한강성심병원,"서울특별시 영등포구 버드나루로7길 12 (영등포동7가, 한강성심병원)",02-2639-5114,126.91033000120589,37.52346674579277,G009,응급실운영신고기관,Unknown,11,서울특별시
A1100013,한양대학교병원,서울특별시 성동구 왕십리로 222-1 (사근동),02-2290-8114,127.04488284061982,37.559944533564746,G001,권역응급의료센터,Regional_EMC,11,서울특별시
A1100051,혜민병원,서울특별시 광진구 자양로 85 (자양동),02-2049-9000,127.08360130258502,37.535315660180416,G007,지역응급의료기관,Local_EMI,11,서울특별시
A1100019,홍익병원,"서울특별시 양천구 목동로 225, 홍익병원본관 (신정동)",02-2693-5555,126.8636640030062,37.52844147447355,G007,지역응급의료기관,Local_EMI,11,서울특별시
A1100049,희명병원,서울특별시 금천구 시흥대로 244 (시흥동),02-804-0002,126.90056251863875,37.45567063464179,G007,지역응급의료기관,Local_EMI,11,서울특별시
